username,dob,num_posts,num_comments,account_created
billywilliams,1998-12-16,136,150,2022-03-12
peter28,1914-04-01,298,317,2022-01-19
cookanne,1981-08-16,444,57,2023-01-04
robert46,1921-05-20,11,774,2025-08-21
heidilucas,2004-05-27,133,267,2023-10-05
lisabrown,1964-05-31,202,940,2024-09-28
leonard73,1928-03-07,411,850,2024-09-11
clarkbruce,1955-08-16,475,270,2024-01-10
jennifer52,1915-11-15,198,586,2025-01-09
jonesamy,1973-01-06,314,862,2020-12-26
calhounryan,2000-04-05,82,152,2021-02-17
candicebanks,1919-07-08,133,748,2021-09-15
michaelbell,1916-03-23,188,198,2024-07-27
nfernandez,2000-09-17,99,192,2021-01-06
brian91,1925-05-12,263,793,2023-08-12
scottallen,1991-07-19,226,863,2025-05-03
scottperry,1915-04-05,44,937,2024-01-27
greenwilliam,1935-05-21,62,724,2024-07-24
helen15,1996-10-10,374,221,2022-05-17
judy29,1909-10-03,318,602,2020-12-14
wkennedy,1956-11-26,68,587,2025-06-02
hickmananthony,1945-12-03,202,189,2023-05-10
dawn49,1985-04-15,382,707,2021-04-20
juanhull,1937-11-13,488,892,2020-12-02
martin40,1988-08-16,480,833,2021-12-29
daniel63,1949-01-04,341,619,2023-12-02
casey71,1999-09-18,100,416,2023-05-23
linda68,1986-07-05,399,944,2023-06-12
anna13,1946-12-17,419,395,2021-06-29
dharris,1994-11-21,495,473,2020-05-12
randy34,1973-11-12,460,977,2021-06-14
ulewis,1920-09-03,220,22,2021-08-10
jacksonroger,1964-01-29,426,695,2021-06-14
justin33,1978-05-10,183,642,2020-11-26
erica19,1946-09-09,455,541,2025-04-02
bpayne,1916-03-22,322,495,2024-11-24
kmorrow,1917-05-13,82,638,2022-07-29
mercercrystal,1931-01-27,424,884,2023-02-21
bowenashley,1919-05-11,173,519,2022-02-04
stacyserrano,1966-02-28,319,793,2021-12-27
samantha10,1955-10-08,234,940,2022-08-10
fishershelly,1990-03-19,216,102,2024-11-13
franciscofrederick,1982-11-01,135,259,2021-03-18
nwilkins,1947-01-15,284,81,2023-07-16
fernandezemma,1949-05-17,164,825,2023-06-10
john52,1958-10-16,63,543,2023-05-25
chenjanet,1992-04-12,374,340,2022-06-21
anthony52,1952-02-20,194,533,2020-12-12
millerjennifer,1962-12-15,495,928,2022-11-25
wharrell,1979-05-18,216,90,2020-08-13
dana27,2002-11-24,158,341,2020-03-23
wallacepatrick,1949-08-09,302,936,2022-05-22
isabella72,1998-08-07,228,102,2025-08-04
elester,1953-07-14,146,887,2022-10-30
woodardjennifer,1997-08-22,173,643,2020-08-31
rothpaige,1941-12-14,209,205,2021-09-23
cparker,1926-01-07,295,549,2020-09-27
udaniels,1977-01-15,306,911,2023-05-01
jennifer12,1998-01-22,102,833,2020-10-30
davisjoel,1941-09-12,65,252,2021-11-18
sarah46,1986-12-31,334,769,2023-12-10
foxbrandon,1960-10-24,244,775,2025-03-11
dwayne20,1959-09-10,392,990,2020-12-03
hensonelizabeth,1937-05-26,32,271,2020-02-19
melissa70,1933-02-15,278,355,2023-10-27
kenneth54,1913-01-29,183,275,2025-05-31
sarah93,1981-01-31,191,547,2023-07-17
knguyen,1941-01-07,183,810,2020-06-03
jamessmith,1999-09-09,488,944,2024-05-16
jacquelineclark,1999-05-02,221,208,2020-09-03
thomasbarnes,2000-02-05,388,958,2022-02-22
shaunthomas,1925-04-18,28,585,2025-06-26
iwilliams,1991-06-22,282,197,2022-02-25
riveralaurie,1970-04-02,115,619,2024-01-23
jose42,1947-10-21,383,876,2021-05-03
seanwade,2005-03-01,299,858,2023-09-16
john55,1970-05-21,145,56,2020-10-09
stacey24,1920-05-15,20,581,2024-08-21
john57,1928-01-11,270,664,2025-02-11
caroldodson,1950-01-09,93,90,2023-11-01
wernerleah,1951-01-13,53,941,2020-12-12
candace80,1969-09-15,79,881,2025-03-07
gwalker,1994-03-07,33,945,2020-11-14
abbotttabitha,1942-03-02,480,992,2025-04-16
nmathis,1974-04-19,123,1000,2023-03-27
nicholasgutierrez,1962-04-25,135,893,2025-05-24
angela03,1913-11-03,26,943,2024-01-18
kevin99,1926-02-08,183,904,2025-02-02
wwang,1998-09-16,74,944,2023-02-06
monicamartin,1921-03-31,306,849,2025-07-24
simmonsjoy,1940-12-28,85,986,2021-09-27
melinda53,1968-07-06,103,993,2025-03-21
jasmineharris,1943-06-25,129,954,2023-07-06
andrewruiz,1956-01-02,97,998,2025-07-01
evansjason,1993-07-14,45,941,2022-09-03
hodgeslori,1982-08-09,374,872,2025-02-13
iweber,1954-09-06,116,947,2025-01-10
lauren49,1911-10-04,481,863,2025-04-07
wscott,1912-08-20,98,955,2020-12-02
christopherfuentes,1941-10-31,157,920,2025-02-27
